<?xml version="1.0" encoding="utf-8"?>
<something-else-entirely>

  <proxool>
  
    <alias>fundtradesys-ds</alias> <!-- ds:DataSource -->
    
    <!-- 数据库连接信息 -->
    <driver-url>jdbc:oracle:thin:@localhost:1521:orcl</driver-url>
    
    <driver-class>oracle.jdbc.driver.OracleDriver</driver-class>
    
    <driver-properties>
      <property name="user" value="fundmgr"/>
      <property name="password" value="abc123"/>
    </driver-properties>
    

    <!-- 最大连接数 -->
    <maximum-connection-count>100</maximum-connection-count> 
    
    <!-- 最小连接数 -->
    <minimum-connection-count>10</minimum-connection-count>    

    <!-- 最小增量 -->
    <simultaneous-build-throttle>10</simultaneous-build-throttle>    
     
    <!-- 定期巡检时间（毫秒） --> 
    <house-keeping-sleep-time>90000</house-keeping-sleep-time>  

    <prototype-count>5</prototype-count>    

    <!-- 使用前检测 -->
    <test-before-use>true</test-before-use>  

    <!-- 检测语句 -->
    <house-keeping-test-sql>select sysdate from dual</house-keeping-test-sql>  

  </proxool>
  
</something-else-entirely>